prediction,assay value
0.8846980333328247,0.9578750906559415
0.8274849653244019,0.7368511623368084
0.779924750328064,0.8512603740358815
0.8715159296989441,0.7078447146145641
0.756055474281311,0.7194493128859227
0.6094596982002258,0.7069824095896569
0.37618160247802734,0.5082071153729593
0.7519271373748779,0.9212935391232308
0.849315345287323,0.8494966627073647
0.3763996660709381,0.42709285922215356
0.6454988121986389,0.8082709570497928
0.8594954013824463,1.0
0.7612658143043518,0.799825878159335
0.44496917724609375,0.5269870306219905
0.3911084234714508,0.5153542996599305
0.4140748083591461,0.2623652029741754
0.8118959069252014,0.7163872981999895
0.7729681134223938,0.6081753160222543
0.7420385479927063,0.7975340658643133
0.513543963432312,0.676765066067549
0.4243886470794678,0.5127728266357401
0.4162072539329529,0.583977330527562
0.5115342140197754,0.5065053186401871
0.3566369414329529,0.42126773597165124
0.8184846639633179,0.841896219900871
0.5733405947685242,0.2283131566310127
0.808363139629364,0.7954525776652323
0.2692284882068634,0.310432841768444
0.30893319845199585,0.42293673184840586
0.6867055296897888,0.5265173581330946
0.7074256539344788,0.5380377176272724
0.4014451205730438,0.5924135734714423
0.5547710657119751,0.47937558381005996
0.3732534945011139,0.6048033536739575
0.5834226012229919,0.5739430754621375
0.8051705360412598,0.9256270088656742
0.5804901123046875,0.5248461411728698
0.824241578578949,0.8060256671086313
0.4475819766521454,0.4501084823994117
0.4414690434932709,0.48462717021923696
0.582446277141571,0.5810011853463979
0.633919894695282,0.843367627246683
0.8459713459014893,0.8841927123167095
0.8318997621536255,0.7313644602693856
0.47654858231544495,0.521282492016403
0.7380597591400146,0.8621987849765891
0.6794066429138184,0.7670502105104359
0.6958320140838623,0.799009175871431
0.7236072421073914,0.788028431341921
0.5428857207298279,0.38818817037540176
0.4215235710144043,0.38075476760363614
0.6763457655906677,0.7429805036169295
0.5530064702033997,0.5035733254780557
0.7090618014335632,0.7037824639150847
0.5663970708847046,0.5531349522876683
0.6519641876220703,0.6784908554413422
0.8399728536605835,0.9332335983433889
0.8018615245819092,0.9287633583532824
0.6969777941703796,0.6560573063278707
0.7321570515632629,0.7370007648358645
0.7062230706214905,0.6488560004503274
0.7085480690002441,0.9134783498794923
0.5587018132209778,0.35178463932988135
0.6862982511520386,0.5966064378600788
0.8359374403953552,0.8099919572310279
0.7571123838424683,0.6579903433417685
0.37015530467033386,0.43418233082070745
0.7802087664604187,0.8465917310289799
0.6395372748374939,0.9578750906559415
0.5912562012672424,0.7384063208638831
0.7083799839019775,0.6651946619339242
0.7884783744812012,0.8567838541677044
0.7076592445373535,0.7657332603334195
0.796970009803772,0.7137311214230562
0.5616673827171326,0.5887254412657179
0.555279016494751,0.6555218112548494
0.19706690311431885,0.17208264671642926
0.8494572639465332,0.9637028963274961
0.4688984751701355,0.33492653947643447
0.6291021108627319,0.6630720276662447
0.5420567989349365,0.5997095859746462
0.43824446201324463,0.42728199801595623
0.6756227612495422,0.5579485222795662
0.6613926291465759,0.8113128949718147
0.30763885378837585,0.4372233787825307
0.708691418170929,0.7171806836233079
0.493515282869339,0.5242619389519185
0.5218826532363892,0.42969457772754704
0.28893351554870605,0.3764917204333572
0.4173683226108551,0.3589570317447712
0.9107570052146912,0.8425421765959635
0.7366325855255127,0.7758142614672715
0.5531522035598755,0.6199569526874236
0.4273466467857361,0.5671576042987427
0.7540109753608704,0.7452389900025509
0.7861543893814087,0.7969808549238495
0.9557048082351685,0.9085921060308364
0.735141396522522,0.7343955421697388
0.6431923508644104,0.712408191633652
0.29373934864997864,0.3216015338731124
0.7562873959541321,0.8396155190676682
0.4206455945968628,0.5778148251528935
0.6358112096786499,0.5602691231913774
0.5505411624908447,0.4127865834891884
0.42436057329177856,0.4809042970744548
0.6811219453811646,0.5913294967140423
0.658954918384552,1.0
0.6999980807304382,0.31780381780844924
0.8051717877388,0.8401959943784651
0.6660807728767395,0.9563738141344845
0.4970667362213135,0.4856552542541769
0.7599457502365112,0.8664671966867779
0.6624603867530823,0.6574239468549428
0.3688817024230957,0.37621735755536634
0.3682977259159088,0.3317901139123095
0.8291671872138977,1.0
0.5518640279769897,0.4734176603750303
0.6219258904457092,0.5353602319062994
0.32840198278427124,0.3297269467306596
0.6161595582962036,0.5371893553519074
0.24574851989746094,0.3553312761417198
0.279051274061203,0.5814944921780237
0.4480450451374054,0.7195112342796153
0.689453661441803,0.7568896210666665
0.42827245593070984,0.4116910837739778
0.5283461809158325,0.47474704494246633
0.6252762079238892,0.6031593083992264
0.5420618057250977,0.5573691543605506
0.4270162582397461,0.3925045058701704
0.7282060980796814,0.5861121349047327
0.3686601221561432,0.4692177701811644
0.6115729212760925,0.6165304218363457
0.5611916184425354,0.44175921535003027
0.5560746192932129,0.48353464625265696
0.2427237629890442,0.3250080984320852
0.6178180575370789,0.7201908893183251
0.6458766460418701,0.48676880220894014
0.6558025479316711,0.7975832599008424
0.40407904982566833,0.19738648507029122
0.8594260215759277,0.9578750906559415
0.41031166911125183,0.373275030933543
0.4472368657588959,0.4456763074241953
0.3559698462486267,0.7073050981305673
0.36076492071151733,0.6971338225420153
0.6445997953414917,0.6367968487456248
0.6599183082580566,0.6283513036125148
0.7102339267730713,0.5891802206699712
0.5427711009979248,0.34880161566249845
0.3986205756664276,0.3597826902570348
0.6872088313102722,0.539954794425626
0.523890495300293,0.3048071424913803
0.5419403910636902,0.4957179753281592
0.5926080942153931,0.6223171498102245
0.6939892768859863,1.0
0.7134724259376526,0.6826755732580863
0.708418607711792,0.6883689048792079
0.7753645777702332,0.7790244524120981
0.6696732044219971,0.655194038869835
0.3997569680213928,0.3279389781679921
0.7662987112998962,1.0
0.9299984574317932,0.9874274951039308
0.8268657922744751,0.9401110178022086
0.7858774065971375,0.9399434026894188
0.5738071203231812,0.6972684852533968
0.41805922985076904,0.3579262605089798
0.8235760927200317,0.6110346081989821
0.3452989161014557,0.30772606154004756
0.6245205402374268,0.5490186401761978
0.7954531311988831,0.7084972291997906
0.7142097353935242,0.6078041579201678
0.4208191931247711,0.3627357987242259
0.7052268981933594,0.6920983516621011
0.5336484313011169,0.6839947482534245
0.5812956690788269,0.4322811101907146
0.8250167369842529,0.7293306929524919
0.34994637966156006,0.39268120873312895
0.5380674600601196,0.6443586732343382
0.4135563373565674,0.6502366151474193
0.8053738474845886,0.9578750906559415
0.6253492832183838,0.6268305135894534
0.7878421545028687,0.8280934463946737
0.4954369366168976,0.6515111396896629
0.6286572217941284,0.7024324077577232
0.5423712134361267,0.4219742988821046
0.6608295440673828,0.8315003626237657
0.2700241804122925,0.2645692412517169
0.7645122408866882,0.7080099381319258
0.6846199035644531,0.7111081722969743
0.8590972423553467,0.8315003626237657
0.5229909420013428,0.6511467587441797
0.6228093504905701,0.6447633896218203
0.42403289675712585,0.35338981444509254
0.6227225065231323,0.6156324471600962
0.3775539696216583,0.11617827564485106
0.4949808716773987,0.3604005961729343
0.6219586730003357,0.8713870391572147
0.6392369270324707,0.748027776489725
0.667070209980011,0.6317239124100313
0.38551804423332214,0.545047146238713
0.6210393309593201,0.6550668534323587
0.757554829120636,1.0
0.6958438754081726,0.6755320841760317
0.5377520322799683,0.47823016012341857
0.867134690284729,0.7630722807868108
0.6426230072975159,0.5521373507289677
0.47528016567230225,0.34482588156128646
0.4328940212726593,0.5865278684866677
0.5357784032821655,0.5912968551885749
0.8180150389671326,0.8215238158588795
0.3285452425479889,0.3623873623928918
0.3294011056423187,0.31986672893698564
0.30485183000564575,0.23840948614130253
0.6202162504196167,0.8558061108308848
0.7601346969604492,0.8288834376226566
0.652195930480957,0.5223215710475904
0.7142965793609619,0.902598251887718
0.4028884768486023,0.24525737137380021
0.8178405165672302,0.8516789103643443
0.297859787940979,0.39055611027799675
0.3240915536880493,0.259584417517268
0.7641395330429077,0.7769309768625168
0.8571370244026184,0.7143358368383227
0.4705069065093994,0.6318759330357684
0.7253759503364563,0.9550257578495626
0.5593271255493164,0.5295394949595591
0.5418866872787476,0.43447968274292736
0.43406668305397034,0.680801497557938
0.8490976095199585,0.9372826453718069
0.5445486307144165,0.37461210031133374
0.5484040379524231,0.4823363837277136
0.7953065633773804,0.8293637230197451
0.767772376537323,0.7971803301643033
0.7554378509521484,0.5759709687958185
0.39913859963417053,0.3622908887625762
0.4369059205055237,0.4629095014633826
0.6743456125259399,0.6078107708695573
0.8699842095375061,0.8747086150460373
0.7369430065155029,0.8984236404002423
0.7269545793533325,1.0
0.7987017035484314,0.8313961989757546
0.7687311768531799,0.840014514057376
0.7053637504577637,0.6051204128990657
0.5050013661384583,0.5013262666803917
0.49056047201156616,0.38037210246487185
0.7363503575325012,0.8127355895429229
0.34305134415626526,0.2168027361018019
0.5330686569213867,0.6553607863869078
0.678378164768219,0.7344286186437888
0.6635847687721252,0.846486710187061
0.7006434202194214,0.7657942696013844
0.8032119870185852,0.7913049295522834
0.5117942690849304,0.4877356348489933
0.4560133218765259,0.42562788029931065
0.4864649474620819,0.49035034127793675
0.7748668193817139,0.7679846500959382
0.7763366103172302,0.9977311836329056
0.2576589584350586,0.287689563427331
0.4653683304786682,0.4474512509478371
0.5891631245613098,0.7145570114416873
1.2231552600860596,1.0
0.6654483675956726,0.5935134630070262
0.9653151035308838,1.0
0.7908510565757751,0.8824816690066956
0.5647154450416565,0.4081520272755045
0.8308154940605164,0.8210564385960568
0.35047653317451477,0.25968616418986656
0.7246538400650024,0.7714971779748458
0.6052210330963135,0.7728491174110571
0.7811145186424255,0.8022295058198243
0.9743291139602661,1.0
0.48398616909980774,0.3989840131301897
0.7645154595375061,0.8547519520208451
0.9012718200683594,0.9076027627585762
0.8163449168205261,0.9340724016677692
0.21808123588562012,0.24521170717596696
0.6963255405426025,0.5473197524720979
0.5020995736122131,0.4535373478729996
0.8424596786499023,0.69924704652295
0.46305757761001587,0.370052581575094
0.8160374760627747,1.0
0.9006290435791016,0.8975118055307195
0.8666428327560425,0.8854061554590752
0.7563896775245667,0.7722352238284569
0.8579042553901672,0.8594640445321017
0.3879394829273224,0.4095657848937
0.5130235552787781,0.3471649042751175
0.7586703300476074,0.809651794107108
0.4772951304912567,0.4431545596212817
0.3879832625389099,0.491726109087526
0.6987999677658081,0.46405518101598253
0.668644368648529,0.7553657003795511
0.4533511698246002,0.4619045396583735
0.3089187741279602,0.20091927259907616
0.6989296674728394,0.8817404284117267
0.7203019857406616,0.5672808593629286
0.442993700504303,0.4309354263473041
0.5843726992607117,0.6597648751855554
0.5859472751617432,0.711612937302522
0.6059884428977966,0.5440364136282525
0.40862733125686646,0.534850931659692
0.8738462328910828,1.0
0.43714138865470886,0.3363476778969875
0.5862228274345398,0.7839873801806443
0.7087270021438599,0.7878838770896377
1.0266215801239014,0.900718825265018
0.7300398945808411,0.7321886981553254
0.3879360258579254,0.21709592212118156
0.43259331583976746,0.3235328159915385
0.24995224177837372,0.20040460793686188
0.44905948638916016,0.29945090588688306
0.5791887640953064,0.6890898398940912
0.860752284526825,0.8007456212635812
0.6591022610664368,0.7113250574701315
0.6667013764381409,0.6136998038277831
0.3498038053512573,0.37987393206312814
0.45408758521080017,0.3411588369016144
0.33257025480270386,0.43564672858511955
0.8137995004653931,0.9328206112176116
0.6537845134735107,0.58375897018825
0.7568290829658508,0.7914183640139014
0.5611509084701538,0.7408026820889737
0.3440729081630707,0.4022058076659184
0.6624287962913513,0.8463924880568421
0.392697274684906,0.5840494744297987
0.7024088501930237,0.7970973485605944
0.5708081722259521,0.6819038469744103
0.3813830614089966,0.3421729273328007
0.4610227346420288,0.4689849881072249
0.45297154784202576,0.4300174525380557
0.43368077278137207,0.37675750494480376
0.922274112701416,1.0
0.5089701414108276,0.457591902482548
0.4816179871559143,0.30067586878815367
0.7833454608917236,0.8817404284117267
0.9155634045600891,0.8315003626237657
0.47200459241867065,0.3353286085395727
0.8475062251091003,0.8599642203898983
0.8480120897293091,0.9407918287408441
0.7811693549156189,0.7507372400677286
0.758243203163147,0.691942677157188
0.5728118419647217,0.47347346193771467
0.5359116196632385,0.5193737385656086
0.7656461000442505,0.6514474350342008
0.7447555661201477,0.8404899715328078
0.5111894011497498,0.4744413026979293
0.3685576915740967,0.25100447239563783
0.5477582216262817,0.35500818264851175
0.7128317952156067,0.7265312768421665
0.9338370561599731,0.9275530717757118
0.6486485004425049,0.786483576271005
0.4009433686733246,0.4362278996505018
0.7972114682197571,0.8907409296949932
0.7486628293991089,0.7256380974512633
0.801642894744873,0.7264691111268785
0.7618444561958313,0.7682618765330951
0.36280739307403564,0.35611327530630366
0.44444501399993896,0.5142623023785744
0.49966633319854736,0.37637458682040725
0.7849081754684448,0.9404590477673657
0.4906649887561798,0.5684571021579963
0.8321456909179688,0.9256449235353699
0.8528305292129517,0.8764589588269739
0.8806149959564209,0.9266921186321386
0.6157803535461426,0.578378028568916
0.7406418323516846,1.0
0.6899267435073853,0.6440034551275018
0.4786017835140228,0.3251652159767301
0.8241944313049316,0.7939514312260689
0.7698650360107422,0.884751412893902
0.5007171630859375,0.41086742787028996
0.588284969329834,0.5941038878441159
0.7364868521690369,0.8451643626317327
0.5577694177627563,0.4736324736202664
0.3087586760520935,0.3196144252425124
0.7333539724349976,0.8588892251084008
0.6985913515090942,0.8944009648518286
0.46270525455474854,0.47873631857498955
0.6922895908355713,0.4587729263356368
0.7148659825325012,0.5949889716505347
0.7869501709938049,0.7452079919361354
0.8015868663787842,0.5547417926009295
0.48021596670150757,0.45323119001996703
0.6392273306846619,0.505569519726164
0.7512349486351013,0.6192633340087865
0.6999934315681458,0.8124253123786963
0.49148690700531006,0.4104503748847875
0.2819448411464691,0.3280304657118812
0.5559611916542053,0.46097893948884006
0.5187195539474487,0.5380456514057761
0.8179181218147278,0.8450615544362013
0.5710211992263794,0.6025671412159068
0.8113273978233337,0.576998157730809
0.5883570909500122,0.6552665423459048
0.32903656363487244,0.6223171498102245
0.8507915139198303,0.8906112136518147
0.7268468141555786,0.9332335983433889
0.4882398545742035,0.4451701720208048
0.6884193420410156,0.610452766124598
0.41298916935920715,0.3742451034790768
0.7227945923805237,0.7079437710202667
0.48515430092811584,0.5704431712410183
0.7709230184555054,0.8341268451610221
0.9474782943725586,0.9331138307792521
0.49520719051361084,0.27241276628772904
0.48242247104644775,0.34244531012100177
0.5491993427276611,0.5847786289866981
0.7488199472427368,0.4759732517568638
0.6268641948699951,0.9332335983433889
0.41409823298454285,0.3434876403760999
0.7393807768821716,0.9021845896647179
0.6224265098571777,0.8033808859521979
0.8550660014152527,0.6562380950125946
0.1342616230249405,0.2614770693102729
0.6996061205863953,0.8019944029960943
0.6513695120811462,0.5742730320922471
0.47341153025627136,0.5099837907866784
0.6044408082962036,0.4169075427417023
0.7657387256622314,0.5993861359081444
0.48322346806526184,0.4292168711911707
0.7591832280158997,0.9616220552568349
0.7786725759506226,0.5917435328602041
0.6251415014266968,0.6164654477344647
0.7869012355804443,0.9932282100156811
0.2912645936012268,0.3405628374537796
0.6954986453056335,0.6779777852602532
0.4286934733390808,0.5774009832175895
0.69601970911026,0.5774015182812448
0.5497133731842041,0.47179022054312236
0.9064188599586487,0.9404590477673657
0.6765714287757874,0.7594820608083631
0.6476985216140747,0.49346153046086816
0.7094431519508362,0.6950450463425709
0.7803440093994141,0.6814412659832869
0.580849826335907,0.5448588623387053
0.5323790311813354,0.47460827779051473
0.4770268499851227,0.406807176120195
0.6033287048339844,0.7292941797872553
0.8181095719337463,0.7130782227767829
0.3791481852531433,0.25430328048936635
0.4352776110172272,0.5392062972355048
0.4288295805454254,0.46135374679871766
0.7534289360046387,0.9021889894994473
0.7735374569892883,0.8911086889993304
0.6859242916107178,0.7327797965782104
0.8155863285064697,1.0
0.9164000749588013,0.9660232473309562
0.39012831449508667,0.35598899415066987
0.7063441872596741,0.5619088640181493
0.8462249040603638,0.8066893718630782
0.8026219010353088,0.7041833924955414
0.6780372858047485,0.5047201453405272
0.8019823431968689,0.9019960070908847
0.7422149777412415,0.6818770689573248
0.8411152958869934,0.9803596492574466
0.3877958655357361,0.529148915560451
0.520683228969574,0.5469228992045077
0.7371518611907959,0.8441193123401528
0.7124121189117432,0.8911086889993304
0.6073752045631409,0.48238122996561317
0.45302122831344604,0.3722339835513315
0.7856974005699158,0.7352280013394832
0.22101546823978424,0.25152937058869373
0.7418248057365417,0.7946395884632884
0.5403284430503845,0.6223171498102245
0.7951273322105408,0.9720826521883974
0.5128711462020874,0.6160515365952224
0.7825886011123657,0.7154851923917365
0.605858564376831,0.6911548026821941
0.4129524528980255,0.40203710838008444
0.7417984008789062,0.45854728814102974
0.8310772180557251,0.7717743088276613
0.6305881142616272,0.7860787990240009
0.6347641348838806,0.6753281952789908
0.7979301810264587,0.7165869607774878
0.5116606950759888,0.4344717070751366
0.8583869934082031,0.9578750906559415
0.6983960270881653,0.8443709717298427
0.9067584276199341,0.9807831167216875
0.46633386611938477,0.3551408656005417
0.5613356232643127,0.5580738578752775
0.6428812742233276,0.5581395333909936
0.5466620922088623,0.442642705846247
0.47937023639678955,0.2786658132924311
0.3357798755168915,0.3403395487484947
0.5132551193237305,0.47592357913362004
0.7584003806114197,0.715656445885591
0.2852362096309662,0.24341652873315434
0.4714084565639496,0.48505923343529767
0.6216500401496887,0.4663299487478947
0.4232041537761688,0.3458810529800852
0.2773723602294922,0.36010833693135547
0.4364587068557739,0.3026142588492917
0.7475599646568298,0.5721731437172923
0.7453039288520813,0.7817074617514087
0.5881175398826599,0.5553182838921156
0.4655602276325226,0.23842001955324044
0.5751784443855286,0.38252393509786775
0.7087218165397644,0.6988609708826898
0.8043562173843384,0.8626686254417231
0.6676225662231445,0.7071697934226284
0.5630865693092346,0.44714020143084543
0.3218720853328705,0.41119403290372447
0.7691781520843506,0.9935942094979342
0.28078320622444153,0.39861566402528115
0.6386424899101257,0.4811420184720603
0.2921121120452881,0.302912368291665
0.3423638939857483,0.41163373842424833
0.6363515853881836,0.7807171711698102
0.6545926928520203,0.5856381066190051
0.7472093105316162,0.5879329767517169
0.30736860632896423,0.40325053719711657
0.49290159344673157,0.44848972425467426
0.7209415435791016,0.7352280013394832
0.695598840713501,0.7211928516594761
0.9580681920051575,0.8931690014856444
0.6098859310150146,0.5520851976376642
0.9213132858276367,1.0
0.8084774613380432,0.7945010785170695
0.8249905705451965,0.7245323606889416
0.8728544116020203,0.8517465059337632
0.7456766963005066,0.6556319967302426
0.6738139986991882,0.6734287642564438
0.42258220911026,0.3504353435408143
0.465602844953537,0.2649025585130955
0.682809054851532,0.6592270539958744
0.799913227558136,0.8956238012024369
0.9565991163253784,0.8713845277682614
0.570530116558075,0.5049349668177492
0.6055717468261719,0.5055671216630324
0.7747104167938232,0.7875053550263229
0.48068246245384216,0.4334835073829957
0.58272784948349,0.5119680643814968
0.4004022777080536,0.44499813002531385
0.4917416274547577,0.34056512086210333
0.7574852108955383,0.8027222629125109
0.4288550615310669,0.4546497971862732
0.6854450106620789,0.5952920814948718
0.49717357754707336,0.6005545645427957
0.533782422542572,0.4211512680089471
0.49443647265434265,0.607392212001564
0.5583089590072632,0.5235253998421386
0.7126569747924805,0.7426062543800972
0.8224543333053589,0.9756100403099296
0.8655843734741211,1.0
0.5330399870872498,0.4866075957545881
0.8331993222236633,0.6507837076124264
0.5988686084747314,0.568465454189156
0.5213731527328491,0.8817404284117267
0.42667412757873535,0.30127729672591674
0.28306126594543457,0.4349484642612582
0.7480431199073792,0.7054706211603153
0.5137102007865906,0.4851578198988057
0.36727192997932434,0.3197439597679803
0.6889981031417847,0.6687902760776743
0.6101850271224976,0.5807849096104377
0.7412623167037964,0.6725602854338053
0.5921809673309326,0.666596759177569
0.411446750164032,0.38911948122401885
0.7337944507598877,0.9021889894994473
0.7168207168579102,0.8278159983651213
0.5055508017539978,0.6166899895674427
0.7738970518112183,0.7168350636491313
0.8081857562065125,0.9408991247195716
0.5966299772262573,0.4933162077150942
0.7547138333320618,0.5190523467779771
0.6666094064712524,0.5950729976303959
0.39843693375587463,0.2957818029974819
0.3575446307659149,0.359720409764535
0.5571479797363281,0.5929906927812596
0.36435648798942566,0.341381293080101
0.5028110146522522,0.39109608868876944
0.5232706665992737,0.5275466891404168
0.3634501099586487,0.25447681776545816
0.539547324180603,0.4084873711925586
0.561671257019043,0.4881796310817359
0.48457497358322144,0.4605749863242429
0.5671792030334473,0.6017826217701511
0.46839576959609985,0.3862359157870032
0.8111862540245056,0.8586122779829154
0.7099152207374573,0.9637028963274961
0.404828816652298,0.4135444957907227
0.5086579918861389,0.576365047944816
0.7222945094108582,0.8742391651629896
0.4080052673816681,0.5553421033578452
0.7661164999008179,0.6435060825354747
0.8025614619255066,0.8043779789988944
0.4204252362251282,0.34346718903548856
0.73872971534729,0.9313137415181434
0.7413545250892639,0.6166916867917216
0.6068335175514221,0.6048028536394222
0.4063202142715454,0.35976113901715034
0.37268519401550293,0.47874878638206897
0.5994381308555603,0.6566498480447669
0.5674710273742676,0.5501567592791465
0.4460793137550354,0.2728060556695947
0.4322829246520996,0.3397526639471128
0.8127356171607971,0.898785090311153
0.852350652217865,0.8418699815401685
0.6593860983848572,0.7161741949787529
0.2771371006965637,0.39608005811788116
0.49337491393089294,0.5903781157467912
0.8212313055992126,0.637433747127861
0.5155701041221619,0.27775598833881177
0.37566208839416504,0.25745764167732277
0.8770108222961426,0.9272998191912208
0.548065721988678,0.5273833471363358
0.551262378692627,0.5556748258821173
0.6853436827659607,0.7052838564330521
0.8345695734024048,0.9684868764188359
0.9632704257965088,1.0
0.6064648628234863,0.5353083142657613
0.7125175595283508,0.8441193123401528
0.5338326096534729,0.44618188378598356
0.7859294414520264,0.7669323596284529
0.5993598699569702,0.3444406926384621
0.7352723479270935,0.8213308220319854
0.4890632927417755,0.30001850036549216
0.6968121528625488,0.6642090716238033
0.510223388671875,0.4785462030542238
0.90342116355896,0.9049067579025389
0.5380859375,0.4469246920226193
0.6696493625640869,0.6889621260561943
0.5477311611175537,0.6521582857078405
0.7975258827209473,0.9009657862764577
0.8444486856460571,0.9332335983433889
0.7409129738807678,1.0
0.5606359243392944,0.38077887448542047
0.45816728472709656,0.47658890649315855
0.7035181522369385,0.8441193123401528
0.8361963033676147,0.8315549274378805
0.8065452575683594,0.87943538485836
0.6789932250976562,0.7543254194873116
0.726345419883728,0.9157501813118828
0.39648672938346863,0.24818453318301437
0.7728279829025269,0.9578750906559415
0.739833652973175,0.6622669128476224
0.5463368892669678,0.4496068782180215
0.6206157207489014,0.6331774778421388
0.6073773503303528,0.5206113442605633
0.865267276763916,0.9840772548440083
0.4226642847061157,0.4209635483514862
0.7689711451530457,0.8418250741348493
0.2961350679397583,0.17106429451108263
0.9414176344871521,0.8098007718027682
0.4759795665740967,0.5459864870350741
0.7260816097259521,0.6858648176729225
0.6862037777900696,0.6994483571572329
0.7347462177276611,0.7019814941232645
0.611822783946991,0.6725341035154629
0.8000832796096802,0.9866672588180301
0.6831615567207336,0.5542374264107112
0.6088787317276001,0.37093296577887047
0.7572181820869446,0.6868169599040241
0.6256435513496399,0.7577265019845258
0.5911604762077332,0.4581821538078109
0.6416627168655396,0.7747831450440563
0.45801979303359985,0.2595356271288266
0.48289594054222107,0.4296366001606906
0.660538911819458,0.5380673311221074
0.6060253381729126,0.3696016983768293
0.47313040494918823,0.35414042615759445
0.8751403093338013,0.9467947901558246
0.8361996412277222,0.9330097168721616
0.43436452746391296,0.5048950494380982
0.5455530881881714,0.6163299385367752
0.744678795337677,0.8372229571134708
0.705717921257019,0.8531302267571015
0.876456618309021,0.8941154178031061
0.9233387112617493,0.8309976523112728
0.6937775015830994,0.5815578332075032
0.4017699062824249,0.30548940058232654
0.921683669090271,0.5714188639130218
0.6710978746414185,0.544062925026302
0.26348990201950073,0.23839588318572624
0.7090750336647034,0.7610495967085102
0.7981841564178467,0.897386909571596
0.29934343695640564,0.24437062969071277
0.5526914596557617,0.4693231013374667
0.46296456456184387,0.43951814587029225
0.44288188219070435,0.3666131490603949
0.6708203554153442,0.6789217580896834
0.6959847807884216,0.6791646674535223
0.7063411474227905,0.751172769154719
0.40591949224472046,0.42259671818688305
0.6810932159423828,0.6848808972761706
0.43733882904052734,0.25646020170281836
0.8867314457893372,0.5506115288022451
0.32344430685043335,0.5168108726366615
0.8142157793045044,0.7822173779986606
0.26534709334373474,0.2493683454635659
0.769667387008667,0.6280487302513268
0.727138102054596,0.5731423029321715
0.712727963924408,0.6669229504666019
0.6241952180862427,0.5508623108938975
0.5259636044502258,0.48217495088911555
0.8144065737724304,0.8121468473388754
0.7862715125083923,0.7121918059882181
0.5786476731300354,0.6356151663666318
0.400912880897522,0.4513536400558198
0.653628408908844,0.6102070178452882
0.46010226011276245,0.4703633228897349
0.6830297112464905,0.7058953789809154
0.8942640423774719,0.9611673665191325
0.6512944102287292,0.5678920180262128
0.3595651388168335,0.35279320958212523
0.5329775214195251,0.4402563206215545
0.634547233581543,0.49461990198110295
0.3954716920852661,0.39487624230025564
0.892052173614502,0.9578750906559415
0.4818870723247528,0.45182806798135655
0.6290274262428284,0.5189809963753591
0.9609208703041077,0.8783632597413324
0.6455146074295044,0.5382194548506196
0.8161340951919556,0.9242736274899054
0.3309919238090515,0.4455619797551922
0.542474627494812,0.4187022498248678
0.8824736475944519,0.8207021090898
0.5149464011192322,0.26827176816054
0.5049252510070801,0.291961500685601
0.6947004795074463,0.5399538788694547
0.48779112100601196,0.5853205984953795
0.7485065460205078,0.6346897643037938
0.49303239583969116,0.5791641127409248
0.520331621170044,0.63349476561986
0.8820728659629822,0.9404590477673657
0.3797779381275177,0.4406540915919256
0.6568427681922913,0.8928713480111731
0.8007135391235352,0.8255388037922664
0.28580883145332336,0.2690554628280497
0.47728291153907776,0.46481970660656347
0.5824020504951477,0.4780949825212095
0.26999038457870483,0.3401533137969188
0.7864794135093689,0.664442059154283
0.5673059821128845,0.5498144812047605
0.5572484731674194,0.6922978239286167
0.48365679383277893,0.5544173257632976
0.2748827040195465,0.6983309764276181
0.8949028253555298,0.7845559699854412
0.6568102836608887,0.5666310486537303
0.8303555846214294,0.8779614824569312
0.7597829103469849,0.8806589821781649
0.770758867263794,0.657113536843108
0.38866278529167175,0.320806555759099
0.5029001832008362,0.357447835840189
0.48532089591026306,0.3748705758957802
0.8135591745376587,0.889146893356194
0.7945801615715027,0.8664308650569632
0.5274205803871155,0.507330405492763
0.32554227113723755,0.6727659395508351
0.6777336001396179,0.6265206804492099
0.8007044196128845,0.5868498782048164
0.8450798988342285,0.9435482329144741
0.4747641384601593,0.367189268999899
0.45596379041671753,0.33089593202388146
0.5625745058059692,0.47087036218139644
0.42109453678131104,0.27307756218267676
0.8277530074119568,0.6812167047260591
0.8774083852767944,0.9397378854566786
0.7062265872955322,0.8628510258545005
0.8723067045211792,0.9336973014849925
0.7806771993637085,0.9644201260389491
0.6514623761177063,0.4983126291038317
0.6769945621490479,0.6466919538932576
0.6308727264404297,0.7611872851470186
0.6990458965301514,0.6737872116843048
0.5889514088630676,0.46070366625347325
0.34652113914489746,0.27262084253744734
0.5880177021026611,0.5418147805120517
0.7522715330123901,0.899082344617552
0.5257568955421448,0.5251906417746202
0.6488676071166992,0.9332335983433889
0.6370906829833984,0.7642136987478522
0.7095171809196472,0.6508224106475127
0.9081311821937561,0.870856978667992
0.5405174493789673,0.5380673311221074
0.6171386241912842,0.5307175825475247
0.6660158634185791,0.6209586668482578
0.7655749917030334,0.9332335983433889
0.8703175187110901,0.861114933471288
0.6370530128479004,0.5865381162446284
0.674592137336731,0.6745293315594454
0.8737416863441467,0.8383269888676982
0.79095059633255,0.6649949736615901
0.45025646686553955,0.35751658140415743
0.8164781928062439,0.9578750906559415
0.7774230241775513,0.8764724889247952
0.532336950302124,0.3556802304701536
0.8524754047393799,0.7725609740919785
0.46164026856422424,0.3073244210005749
0.7205594778060913,0.8187146001971657
0.8236573338508606,0.7868945625751224
0.8041274547576904,0.9578750906559415
0.7650246024131775,0.7111081722969743
0.47637811303138733,0.5247461554132651
0.8298723697662354,0.7517166108607902
0.46497806906700134,0.545362344768308
0.618767499923706,0.6573540278295178
0.6963469386100769,0.7941676582651478
0.6833621859550476,0.2383906183428226
0.2975163161754608,0.2899066790356506
0.5990667343139648,0.8420193755849659
0.5801332592964172,0.6454533873974342
0.6911332011222839,0.5543790604579122
0.5802643895149231,0.6837125380047266
0.6013138294219971,0.5303238881658099
0.6171439290046692,0.4668021507000717
0.6471830010414124,0.531794090765145
0.5990604758262634,0.3956805093016039
0.7998048067092896,0.8624954613211387
0.7858323454856873,0.8466833808291332
0.4998146593570709,0.36159940475871055
0.691163182258606,0.7080710628727306
0.4388655126094818,0.28928620425346585
0.46080511808395386,0.3342774859693528
0.7969224452972412,0.884889727190311
0.36502963304519653,0.40661230642488067
0.5869548320770264,0.3544974698036598
0.6836460828781128,0.6494712109919478
0.3567953109741211,0.4072883902175086
0.718794584274292,0.7173614172727274
0.5165218114852905,0.5493703246667827
0.6807667016983032,0.7570801407646577
0.6917475461959839,0.6383592329349788
0.22161544859409332,0.19307015309502817
0.41312143206596375,0.5540426357019652
0.5370362997055054,0.47454413925173033
0.5571731925010681,0.3400617341182015
0.5187206864356995,0.5860380303430357
0.6375550627708435,0.49310749567136936
0.5799486041069031,0.5404509071273385
0.6505436897277832,0.7848347123330346
0.44904235005378723,0.413794964616625
0.4765125513076782,0.49442546493908524
0.4588707685470581,0.47072335738856896
0.828091025352478,0.9346312420799516
0.6760820746421814,0.7911243814659314
0.885897159576416,0.9953723285307211
0.6131014823913574,0.8188719196737718
0.6162149310112,0.5558297286137905
0.9617839455604553,0.7997007950301668
0.48487401008605957,0.25131761874294745
0.6502499580383301,0.5626556699628315
0.882298469543457,0.5977729728071906
0.6775547862052917,0.9340481495482537
0.6513768434524536,0.81793917081133
0.6784876585006714,0.5640399890857835
0.35662439465522766,0.20562985674517842
0.8580320477485657,0.8065439794308984
0.7176460027694702,0.9197535242526578
0.38939014077186584,0.3928940998616123
0.6498881578445435,0.9332335983433889
0.4995897710323334,0.4287949654372569
0.7555751204490662,0.8677984900810951
0.8284419775009155,0.8332886997834308
0.4359966218471527,0.17259952014066615
0.5956622958183289,0.430040304139507
0.7474697232246399,0.7652940475587511
0.3778678774833679,0.37878386312823664
0.7140504121780396,0.7316729043986896
0.5339125990867615,0.7025897354387625
0.49735796451568604,0.4671685029945588
0.6990146636962891,0.7773919180136492
0.5755080580711365,0.39929700867347584
0.26222434639930725,0.5285386669945893
0.7165024280548096,0.8246808586797193
0.8482755422592163,0.9355040046505573
0.3229486644268036,0.18042573319387012
0.8587790727615356,0.9637028963274961
0.6281238198280334,0.6854621575518304
0.8019260168075562,0.6882386246803056
0.7178671956062317,0.58375897018825
0.777185320854187,0.7245385278956723
0.970329999923706,0.9157501813118828
0.7775339484214783,0.8736252719678242
0.6609358787536621,0.46688314797830743
0.9397817850112915,0.8876264854879834
0.7406867146492004,0.9030159532660424
0.4817529022693634,0.39657217352624063
0.6398155093193054,0.5571966799077432
0.8808401823043823,0.9276968017552791
0.7424741983413696,0.7224766624401693
0.5383574962615967,0.474428860185211
0.958873450756073,0.9100406074075479
0.6920920610427856,0.6792310381353364
0.8278685212135315,0.756043022119476
0.6880549192428589,0.6750873860386095
0.4995891749858856,0.41316715429107287
0.3980512320995331,0.3571416493070856
0.4597012400627136,0.4368927033590725
0.6731665134429932,0.7492745031283883
0.6373736262321472,0.598440770440299
0.770237922668457,0.7191973556102054
0.5403209328651428,0.697143172197032
0.8428237438201904,0.854271756682934
0.573305070400238,0.35262906635343605
0.7291715145111084,0.7092780403886916
0.5285921096801758,0.5307396686550687
0.4975588917732239,0.3274656736943218
0.7495399713516235,0.9649228749962089
0.8265714645385742,0.8435753449456747
0.8026196956634521,0.8333589963069139
0.4507800340652466,0.3953732488423185
0.11196635663509369,0.3036390658880035
0.7986433506011963,0.6406364755027911
0.6886551380157471,1.0
0.6156961917877197,0.41767134052305277
0.6159334778785706,0.7974906097236096
0.7813795208930969,0.8575321878214034
0.6338470578193665,0.7080433179676815
0.7691906690597534,0.8600640801553886
0.9357500076293945,0.9003664206277885
0.35210928320884705,0.3659474773343908
0.8528945446014404,0.91560728885196
0.4358196556568146,0.48027182555065306
0.40064746141433716,0.35910346200223364
0.5300736427307129,0.5720760917982906
0.4465217590332031,0.3604633541576877
0.7816872596740723,0.8103676281946648
0.33688175678253174,0.3728561814753121
0.6778865456581116,0.5186919458357447
0.7823963761329651,0.7773473462766577
0.18451273441314697,0.2864517453610572
0.8142438530921936,0.8940075971647462
0.692077100276947,0.5829563100102226
0.7976515293121338,0.6146343190432673
0.7380538582801819,0.8581212800163341
0.26208755373954773,0.28276106443786453
0.6652188897132874,0.5417057474030103
0.449938029050827,0.3572543367306721
0.3530350625514984,0.41159528776388266
0.7001309990882874,0.8578808896581513
0.799464762210846,0.9578750906559415
0.9531052708625793,0.8629140602391309
0.6926996111869812,0.5388518667815336
0.5508357286453247,0.3483426069309641
0.21634997427463531,0.4718120500405124
0.8065299391746521,0.6988175507579213
0.37979546189308167,0.4245669680609082
0.397220253944397,0.44719247425626163
0.5523934364318848,0.5836664053674472
0.5866793990135193,0.3492374030888892
0.568169891834259,0.43929164325872505
0.4470764696598053,0.4877299500213702
0.32187914848327637,0.374132015806236
0.3062407374382019,0.3828897950363077
0.6851657629013062,0.9678082132916269
0.5452924370765686,0.2780265820475696
0.7800841927528381,0.5640607646767092
0.4947509765625,0.4009363867154492
0.5272985696792603,0.4025433430460148
0.6533293724060059,0.6584572001469486
0.5324819684028625,0.5085295906436955
0.5018209218978882,0.5897268457720408
0.7106842994689941,0.7336893521232128
0.5366203784942627,0.484472457362789
0.4882049560546875,0.38517195594906706
0.8495098948478699,0.9745113034395317
0.725170910358429,0.650864752373499
0.7205415964126587,0.6698628136042639
0.563969612121582,0.5863362855538798
0.8834635615348816,0.8875638011296081
0.5121742486953735,0.5040418540457163
0.627281904220581,0.6339591632967059
0.7912931442260742,0.6533617586541662
0.49955418705940247,0.547366243052063
0.6856585144996643,0.5666492827761899
0.7717876434326172,0.6358783416226601
0.6233946681022644,0.5205877428365101
0.8818222880363464,0.8600640801553886
0.30814772844314575,0.34765959452316597
0.5508454442024231,0.45537074593012916
0.8334186673164368,0.8642042157253081
0.556429386138916,0.7090478598106604
0.27185383439064026,0.4419397516804271
0.3293420970439911,0.19004505467802246
0.787291407585144,0.7569411052397457
0.9123889207839966,0.9753823355299508
0.5678566098213196,0.4546788475688268
0.6249523758888245,0.501967079965245
0.35295575857162476,0.27829542503119753
0.8840726613998413,0.8817404284117267
0.7509168386459351,0.7851129645982848
0.6771802306175232,0.7974906097236096
0.5140851736068726,0.4935424523317803
0.730728268623352,0.668135154822421
0.6971914172172546,0.6685187639417274
0.4295542240142822,0.33791178856537996
0.37695616483688354,0.36667892115760525
0.6966584324836731,0.7710627009393358
0.30347657203674316,0.38111437771913836
0.8477926254272461,0.7914623743723611
0.6961761713027954,0.5581227627137871
0.4804207384586334,0.44721773267240605
0.4456011652946472,0.4462361054029891
0.33030998706817627,0.5759669054027583
0.47953492403030396,0.44499606049438245
0.808114767074585,0.7339423321442519
0.32893121242523193,0.33870969651079685
0.4121546745300293,0.4403603320869768
0.7205482125282288,0.9332335983433889
0.6910059452056885,0.8220027717890772
0.8610597252845764,0.7674550210177838
0.702974796295166,0.9578750906559415
0.6444621682167053,0.6803868270667564
0.6998557448387146,0.9578750906559415
0.7873576879501343,0.9157501813118828
0.4567801058292389,0.4286052666665947
0.7604337930679321,0.7647613506184409
0.5482471585273743,0.48238122996561317
0.7220572829246521,0.7146182246557349
0.7216833233833313,0.6899698357617376
0.8731921315193176,0.8303849780932424
0.547605037689209,0.45020039359312813
0.8126552104949951,0.6149887383625855
0.8190757632255554,0.9058413520769014
0.844332218170166,0.7361466207861556
0.7072693109512329,0.568296894785033
0.5423384308815002,0.4532692328416903
0.39538848400115967,0.5542996045070088
0.6435188055038452,0.7433476360350821
0.461050420999527,0.3373779264276269
0.5034278035163879,0.36567687227137924
0.29594942927360535,0.2534868034989489
0.7426102161407471,0.7509827465418807
0.7960323691368103,0.7664072528299003
0.636022686958313,0.6590933390952685
0.849708616733551,0.7953579909850915
0.46358752250671387,0.47317579571286217
0.7112657427787781,0.8919487349664141
0.1598961353302002,0.2199273693435817
0.7842031717300415,0.81793917081133
0.7086172699928284,0.7827778475159762
0.559550940990448,0.40567144100653896
0.7093912363052368,0.4375902246399018
0.8360801339149475,0.9578750906559415
0.7534566521644592,0.8656294757642494
0.2640785574913025,0.4758678943975867
0.6670191287994385,0.5885858551191454
0.6269121170043945,0.6028311824616992
0.880525529384613,1.0
0.407852441072464,0.3391626124185241
0.876683235168457,0.8975118055307195
0.5900465250015259,0.42107891668450725
0.5035661458969116,0.3653928155368785
0.6186133623123169,0.8441193123401528
0.6851965188980103,0.7597839230369781
0.6182652711868286,0.609499492422511
0.3714180886745453,0.2693428011462481
0.6023126840591431,0.4547688529697327
0.4803801476955414,0.5380673311221074
0.8342671990394592,0.8890926261841885
0.592517077922821,0.4828086526181675
0.6765533089637756,0.7528792848428133
0.56989586353302,0.4158664812331103
0.5208366513252258,0.48218752154990474
0.8350647687911987,0.7564607461823812
0.5413349270820618,0.5126768826672222
0.7216540575027466,0.5326140892754538
0.8477539420127869,0.7987045722066912
0.40541690587997437,0.4541504632512703
0.7182636857032776,0.7395219336785546
0.5549757480621338,0.4853579220645099
0.5105687379837036,0.3987770470252162
0.9085274934768677,0.5899427030181374
0.5086399912834167,0.672387292859093
0.21619345247745514,0.3764904156184079
0.5889734029769897,0.5608619800291654
0.3244035840034485,0.4402684728696131
0.7555928826332092,0.7307242080669986
0.7928594946861267,0.7034799826707306
0.7244677543640137,0.7722834559337941
0.6479297876358032,0.4300198431080876
0.32098841667175293,0.3279033644410674
0.4499453008174896,0.4256348205881483
0.7662737965583801,0.8177210670870566
0.7154497504234314,0.7869553657721688
0.6826168298721313,0.6206897182532565
0.4006650447845459,0.40661595908747616
0.6858833432197571,0.7226090516230961
0.6843591928482056,0.8125221302272794
0.5539731979370117,0.4959424217780487
0.5979233384132385,0.5279092882014522
0.7049009203910828,0.7054510861581784
0.7010005712509155,0.9332335983433889
0.9903963804244995,1.0
0.4552130103111267,0.3430519719816022
0.433298259973526,0.46781638169379436
0.7888373732566833,0.7223787477837411
1.0322611331939697,0.7189843569195963
0.698765754699707,0.6802416199655954
0.7246763110160828,0.7080433179676815
0.6840785145759583,0.34051335474736355
0.7329149842262268,0.6397070819428943
0.6751325130462646,0.8433874114551001
0.5197893381118774,0.5497952682093006
0.5116817355155945,0.55901373521908
0.9395415186882019,1.0
0.7006455659866333,0.6427529464119537
0.5668576955795288,0.5451497263315568
0.5737630724906921,0.34547001697633384
0.5644886493682861,0.5038616830270957
0.8618188500404358,0.957576153456785
0.23213040828704834,0.3704854792854271
0.6030465960502625,0.5577694855482005
0.6573535203933716,0.6079829949826145
0.6787229180335999,0.6896553094935702
0.7401472330093384,0.6526501422371489
0.2728334665298462,0.21242798707999133
0.2579745650291443,0.41394285694373545
0.7713630199432373,0.9157501813118828
0.6492365002632141,0.4723085214884095
0.7691343426704407,0.7809615180960386
0.632736325263977,0.5815678362353438
0.6340264081954956,0.596358709604168
0.7347878813743591,0.6357946690042358
0.5315209627151489,0.5207242596366568
0.7649824619293213,0.771521417286432
0.4584946036338806,0.3559656347342506
0.6117286086082458,0.6054111501508064
0.9762529730796814,0.9332335983433889
0.7802573442459106,0.7231176185892838
0.743699312210083,0.8838748005910093
0.3051786720752716,0.36365618489615315
0.6792299151420593,1.0
0.6918769478797913,0.7080202802504162
0.7026887536048889,0.7818297347033893
0.6107773780822754,0.7328055576274273
0.4898870587348938,0.43934629982378526
0.21568512916564941,0.38169752125016687
0.7502953410148621,1.0
0.8137707710266113,0.6919118192575571
0.504178524017334,0.4022871301912775
0.7650407552719116,1.0
0.9454557299613953,0.8554080058345266
0.6768079400062561,0.7453804456822644
0.34007516503334045,0.6317664956637707
0.4888930916786194,0.5350154298808403
0.5215685963630676,0.29714840081393623
0.6841641664505005,0.8664671966867779
0.49219635128974915,0.7352280013394832
0.34455057978630066,0.5712246659077969
0.5649077892303467,0.6834018256551291
0.2704525291919708,0.47222418564433455
0.6221701502799988,0.5994580448154186
0.8120679259300232,1.0
0.5582007169723511,0.5329975165448408
0.26903679966926575,0.34308277464298054
0.4068520963191986,0.3452156010163032
0.8185374736785889,0.8030858725384356
0.7145546674728394,0.7079603253223822
0.7144401669502258,0.817261234483953
0.5156824588775635,0.5168357310095304
0.4612904489040375,0.2706303431316126
0.6952067613601685,0.8494692366967506
0.7910171151161194,0.6638873000216504
0.5279439687728882,0.4328878656886338
0.8038634657859802,0.9056591257212361
0.2814829349517822,0.45220766972290494
0.8016002178192139,0.844564985663303
0.42805880308151245,0.2678343393283231
0.35335785150527954,0.3019177324361577
0.5075164437294006,0.40777792186081385
0.8214003443717957,0.9842757718038948
0.8111569285392761,0.9578750906559415
0.5310267806053162,0.6938872757506023
0.38599658012390137,0.32855839169456913
0.630939781665802,0.5644347559973213
0.768298327922821,0.7758142614672715
0.8944937586784363,0.8415456092386815
0.6685964465141296,0.7336010624015067
0.6052016019821167,0.3845702194650603
0.5698704123497009,0.3968149869655543
0.9552978873252869,1.0
0.6403540372848511,0.8019944029960943
0.5627380013465881,0.6524420780355676
0.6554352641105652,0.6670679094998619
0.4300025403499603,0.7083614661069997
0.46065834164619446,0.4157800539806493
0.2707694470882416,0.4470131813252134
0.5086986422538757,0.5429157644001668
0.7951630353927612,0.7759521287283127
0.5859318971633911,0.33620261596667866
0.6986643075942993,0.9157501813118828
0.8513750433921814,0.7365671971512318
0.6061689853668213,0.652293083160532
0.847179651260376,0.7611505525465008
0.8459253311157227,1.0
0.6698694229125977,0.6818843346937458
0.8094878196716309,0.6372769100904678
0.29599064588546753,0.37957926392989383
0.7831376194953918,0.839143687553315
0.6380870342254639,0.6169457142072637
0.2334669530391693,0.3517122436947183
0.53830486536026,0.5133435823025603
0.674335241317749,0.6861705659997536
0.5394750237464905,0.5024624430180598
0.7922081351280212,0.5589787122994005
0.7135276794433594,0.6020985609431322
0.7885069251060486,0.861203264795812
0.3865506649017334,0.3416822180400636
0.7531827688217163,0.7130451554604114
0.5556702613830566,0.6397376689530108
0.7316560745239258,0.7432684857894198
0.42474374175071716,0.7001152526858272
0.7428793907165527,0.7074525925987476
0.6075902581214905,0.7660134481795611
